mass,distance,force
8.59980,4.03182,3.530796
4.78514,2.03567,7.706688
5.60147,2.61974,5.447198
8.05419,2.21325,10.973537
5.28937,3.33353,3.176743
9.17302,3.01875,6.718074
3.53654,4.02322,1.458203
6.56532,2.00203,10.932085
9.18772,4.93114,2.521731
8.29196,4.60866,2.605512
3.79133,3.91933,1.647231
9.08954,3.73594,4.346398
5.24928,1.40280,17.802943
4.90755,3.44355,2.762093
9.21710,4.86643,2.597529
5.29309,4.46124,1.774942
3.34443,4.22011,1.253316
5.93829,1.05617,35.528989
7.47734,2.59529,7.409012
8.42360,3.67261,4.168059
1.01029,2.97431,0.762180
8.80842,1.97564,15.061468
3.92684,4.48188,1.304692
2.71960,3.27004,1.697403
3.14754,4.87016,0.885669
8.22862,2.79188,7.045633
1.72401,2.28022,2.212961
5.57147,4.73134,1.661071
1.98152,3.20507,1.287390
7.35905,3.18976,4.827153
8.33020,3.16113,5.563599
9.67455,3.41274,5.543829
6.28855,2.77996,5.430766
6.36658,2.53960,6.588102
6.18086,2.16132,8.830752
2.70452,1.74692,5.914685
6.51496,3.62664,3.305899
5.28878,1.35930,19.103486
7.81844,4.50708,2.568711
9.31043,4.36984,3.254053
9.08356,4.69233,2.753374
5.86540,2.56518,5.949037
7.34755,2.10254,11.092813
8.30466,4.39794,2.865554
9.05535,3.35920,5.355728
9.54788,3.31878,5.785440
5.05507,3.64098,2.544932
9.96632,4.66776,3.052833
8.13993,1.32949,30.735142
6.51505,2.94578,5.010766
6.67133,4.38031,2.320538
3.18732,3.92596,1.380133
2.05421,1.88184,3.871367
8.15125,2.33014,10.019464
8.34322,1.40243,28.311140
2.31723,3.79068,1.076267
1.40711,3.29546,0.864729
9.19014,3.13679,6.233574
7.12530,1.10679,38.820511
6.71500,3.42535,3.819630
6.18358,2.56484,6.273446
4.33126,4.92207,1.193179
1.32753,1.08655,7.504707
9.64928,1.73989,21.273488
2.11506,1.84231,4.158959
8.20672,4.74788,2.429724
1.20504,2.70248,1.101198
1.91350,2.03968,3.069667
2.98746,3.58770,1.549016
4.15265,1.72127,9.354321
5.53273,1.15751,27.559570
1.90829,4.95294,0.519164
2.79420,2.43422,3.147197
7.58438,4.35331,2.670965
9.26634,1.67770,21.971847
7.05377,4.86620,1.988054
1.52246,3.70481,0.740288
8.60882,2.36925,10.235476
3.25619,3.38717,1.894186
4.98083,1.69928,11.512212
5.24463,2.63962,5.023630
6.12201,3.03440,4.437463
3.80301,2.42861,4.303281
8.53895,2.00373,14.194236
6.04540,1.04975,36.613692
7.67417,2.34367,9.324511
1.41127,2.12353,2.088709
3.16117,4.81252,0.910940
4.17003,2.15151,6.012263
4.23281,4.78762,1.232466
6.70373,3.48431,3.685274
7.44057,2.55207,7.624438
4.72976,3.60333,2.431180
1.01372,1.76924,2.161378
4.00962,1.95766,6.982528
6.73659,2.51459,7.110358
8.87881,3.27261,5.532910
4.72966,2.60907,4.637084
7.31647,2.67291,6.834711
6.95976,1.18712,32.960389
5.00817,2.03691,8.056057
2.41918,3.11029,1.668982
5.38539,3.24562,3.411993
7.79936,4.53550,2.530433
5.45124,2.24823,7.197790
5.20203,4.23618,1.934682
8.87515,4.24966,3.279846
2.69201,4.99768,0.719326
6.69780,1.33387,25.124213
7.52999,4.94729,2.053272
4.61635,3.71406,2.233507
3.84559,1.85410,7.465931
7.45592,1.00943,48.835388
8.40458,3.11338,5.786780
1.88006,1.47562,5.762504
6.84339,4.49462,2.260853
3.51984,4.91406,0.972811
1.90163,4.41575,0.650881
4.57027,1.32538,17.363838
3.47242,2.81191,2.930997
8.13107,4.44544,2.746026
2.20078,3.08346,1.544851
6.85705,2.38821,8.023756
8.84677,2.11364,13.216286
1.16717,1.16265,5.762615
7.12897,3.23342,4.550803
9.51852,4.75376,2.811138
9.18866,1.16802,44.950988
7.74221,3.80530,3.568401
6.89826,3.84943,3.106938
9.12439,3.56056,4.803439
4.35204,3.15172,2.924055
2.87060,3.34850,1.708666
1.08007,1.60409,2.801436
4.00068,4.15849,1.544001
7.46649,2.35302,9.000161
6.58484,1.16481,32.390683
2.47474,4.92766,0.680199
3.60578,2.57917,3.617645
5.93636,2.17363,8.385634
5.30258,1.95882,9.223221
1.43431,1.71835,3.241951
5.70745,1.28345,23.124350
4.62852,2.31408,5.768604
4.73249,1.39760,16.169988
9.17792,2.89602,7.303444
8.56763,4.90492,2.376751
4.09286,2.91635,3.211703
7.29636,2.70614,6.649537
3.71713,3.93900,1.598898
9.04960,4.67876,2.759020
6.64068,2.50229,7.078235
9.77104,3.55551,5.158488
1.59251,1.33868,5.930844
7.74883,1.24462,33.384536
1.07066,2.57523,1.077469
5.67103,2.79418,4.847754
5.39757,3.33955,3.230035
7.11372,2.69215,6.550643
4.31498,4.95384,1.173497
3.34825,4.10840,1.323910
4.88099,2.43408,5.498241
1.57472,4.45432,0.529698
7.31804,4.61204,2.296118
5.06451,3.70768,2.458770
2.07019,2.59181,2.056786
2.86509,1.16841,14.006731
9.53165,1.86358,18.317217
2.31719,1.79188,4.816483
4.40229,3.18557,2.895287
2.36201,4.95476,0.642130
9.84690,1.59361,25.877530
4.65316,3.71972,2.244473
8.89891,2.98162,6.680628
9.25342,2.28984,11.778168
5.48597,2.99459,4.082872
7.03061,1.80797,14.354870
6.48794,1.87509,12.315368
4.06198,4.85027,1.152373
9.09107,4.27247,3.323859
1.31921,1.59347,3.467489
3.31194,4.13667,1.291717
8.58100,3.33179,5.159031
7.46318,4.22822,2.786089
1.59723,1.33857,5.949362
8.82006,1.15766,43.923111
3.02582,1.16253,14.942449
1.13757,4.37582,0.396501
3.97535,1.64276,9.831349
2.33938,3.62433,1.188583
9.71738,3.02000,7.110859
9.10981,3.00971,6.711895
6.16485,3.71429,2.982348
8.24599,4.03139,3.386260
9.91479,3.98786,4.160923
9.15203,1.82442,18.350764
5.81875,3.39446,3.370350
8.43127,2.92885,6.559695
8.11936,2.55428,8.305630
6.27750,4.40527,2.158879
